Atlantic cyclone number for that year year,Name,Days,Date,Time,Record identifier,Status,LatitudeHemisphere,LongitudeHemisphere,Wind(knots),Pressure,Year,Datetime,Radius,Step
AL012017,ARLENE,27,20170416,06:00:00,,EX,35.8,-50.3,55,992,2017,2017-04-1606:00:00,360,6588
AL012017,ARLENE,27,20170416,12:00:00,,EX,35.1,-49.5,55,989,2017,2017-04-1612:00:00,360,6589
AL012017,ARLENE,27,20170416,18:00:00,,EX,34.4,-48.7,55,986,2017,2017-04-1618:00:00,360,6590
AL012017,ARLENE,27,20170417,00:00:00,,EX,33.7,-47.8,50,987,2017,2017-04-1700:00:00,360,6591
AL012017,ARLENE,27,20170417,06:00:00,,EX,33.2,-47.0,45,988,2017,2017-04-1706:00:00,300,6592
AL012017,ARLENE,27,20170417,12:00:00,,EX,32.7,-46.1,45,989,2017,2017-04-1712:00:00,270,6593
AL012017,ARLENE,27,20170417,18:00:00,,EX,32.3,-45.3,40,991,2017,2017-04-1718:00:00,240,6594
AL012017,ARLENE,27,20170418,00:00:00,,EX,32.1,-44.7,40,993,2017,2017-04-1800:00:00,240,6595
AL012017,ARLENE,27,20170418,06:00:00,,EX,31.9,-44.4,35,994,2017,2017-04-1806:00:00,240,6596
AL012017,ARLENE,27,20170418,12:00:00,,EX,31.6,-44.1,35,995,2017,2017-04-1812:00:00,240,6597
AL012017,ARLENE,27,20170418,18:00:00,,EX,31.1,-43.5,30,996,2017,2017-04-1818:00:00,0,6598
AL012017,ARLENE,27,20170419,00:00:00,,SD,31.1,-42.6,30,996,2017,2017-04-1900:00:00,0,6599
AL012017,ARLENE,27,20170419,06:00:00,,SD,31.3,-41.8,30,996,2017,2017-04-1906:00:00,0,6600
AL012017,ARLENE,27,20170419,12:00:00,,SD,31.7,-41.1,30,996,2017,2017-04-1912:00:00,0,6601
AL012017,ARLENE,27,20170419,18:00:00,,SD,32.1,-40.4,30,996,2017,2017-04-1918:00:00,0,6602
AL012017,ARLENE,27,20170420,00:00:00,,TD,32.8,-39.6,30,996,2017,2017-04-2000:00:00,0,6603
AL012017,ARLENE,27,20170420,06:00:00,,TS,33.8,-39.2,35,994,2017,2017-04-2006:00:00,60,6604
AL012017,ARLENE,27,20170420,12:00:00,,TS,35.4,-39.6,35,994,2017,2017-04-2012:00:00,60,6605
AL012017,ARLENE,27,20170420,18:00:00,,TS,37.3,-40.7,40,992,2017,2017-04-2018:00:00,90,6606
AL012017,ARLENE,27,20170421,00:00:00,,TS,39.0,-43.0,45,990,2017,2017-04-2100:00:00,120,6607
AL012017,ARLENE,27,20170421,06:00:00,,TS,40.0,-46.3,45,990,2017,2017-04-2106:00:00,120,6608
AL012017,ARLENE,27,20170421,12:00:00,,EX,39.9,-49.3,45,990,2017,2017-04-2112:00:00,120,6609
AL012017,ARLENE,27,20170421,18:00:00,,EX,38.5,-50.8,40,992,2017,2017-04-2118:00:00,120,6610
AL012017,ARLENE,27,20170422,00:00:00,,EX,36.3,-51.2,40,994,2017,2017-04-2200:00:00,120,6611
AL012017,ARLENE,27,20170422,06:00:00,,EX,34.7,-50.0,40,996,2017,2017-04-2206:00:00,120,6612
AL012017,ARLENE,27,20170422,12:00:00,,EX,32.8,-48.7,35,999,2017,2017-04-2212:00:00,120,6613
AL012017,ARLENE,27,20170422,18:00:00,,EX,31.9,-46.4,30,1001,2017,2017-04-2218:00:00,0,6614
AL022017,BRET,9,20170618,18:00:00,,DB,7.5,-49.6,30,1008,2017,2017-06-1818:00:00,0,6615
AL022017,BRET,9,20170619,00:00:00,,DB,7.8,-51.7,35,1008,2017,2017-06-1900:00:00,50,6616
AL022017,BRET,9,20170619,06:00:00,,DB,8.1,-53.9,35,1007,2017,2017-06-1906:00:00,50,6617
AL022017,BRET,9,20170619,12:00:00,,DB,8.6,-56.5,35,1007,2017,2017-06-1912:00:00,60,6618
AL022017,BRET,9,20170619,18:00:00,,TS,9.2,-58.9,40,1007,2017,2017-06-1918:00:00,80,6619
AL022017,BRET,9,20170620,00:00:00,,TS,9.7,-60.5,40,1008,2017,2017-06-2000:00:00,80,6620
AL022017,BRET,9,20170620,02:00:00,L,TS,10.1,-61.1,45,1008,2017,2017-06-2002:00:00,100,6621
AL022017,BRET,9,20170620,06:00:00,,TS,10.4,-62.1,45,1008,2017,2017-06-2006:00:00,120,6622
AL022017,BRET,9,20170620,09:00:00,L,TS,10.6,-62.6,45,1008,2017,2017-06-2009:00:00,120,6623
AL032017,CINDY,20,20170619,18:00:00,,DB,23.6,-88.6,35,1003,2017,2017-06-1918:00:00,180,6624
AL032017,CINDY,20,20170620,00:00:00,,DB,24.0,-89.2,35,1000,2017,2017-06-2000:00:00,180,6625
AL032017,CINDY,20,20170620,06:00:00,,DB,24.4,-89.8,35,999,2017,2017-06-2006:00:00,180,6626
AL032017,CINDY,20,20170620,12:00:00,,DB,25.0,-90.3,40,997,2017,2017-06-2012:00:00,180,6627
AL032017,CINDY,20,20170620,18:00:00,,TS,25.6,-90.6,45,996,2017,2017-06-2018:00:00,210,6628
AL032017,CINDY,20,20170621,00:00:00,,TS,26.2,-90.9,50,995,2017,2017-06-2100:00:00,240,6629
AL032017,CINDY,20,20170621,06:00:00,,TS,26.8,-91.5,50,994,2017,2017-06-2106:00:00,240,6630
AL032017,CINDY,20,20170621,12:00:00,,TS,27.3,-92.3,50,993,2017,2017-06-2112:00:00,180,6631
AL032017,CINDY,20,20170621,18:00:00,,TS,27.8,-93.0,45,993,2017,2017-06-2118:00:00,120,6632
AL032017,CINDY,20,20170622,00:00:00,,TS,28.5,-93.4,45,992,2017,2017-06-2200:00:00,100,6633
AL032017,CINDY,20,20170622,06:00:00,,TS,29.4,-93.6,45,991,2017,2017-06-2206:00:00,100,6634
AL032017,CINDY,20,20170622,07:00:00,L,TS,29.8,-93.7,45,991,2017,2017-06-2207:00:00,100,6635
AL032017,CINDY,20,20170622,12:00:00,,TS,30.5,-93.8,40,993,2017,2017-06-2212:00:00,80,6636
AL032017,CINDY,20,20170622,18:00:00,,TS,31.6,-93.8,35,996,2017,2017-06-2218:00:00,50,6637
AL032017,CINDY,20,20170623,00:00:00,,TD,32.8,-93.6,30,999,2017,2017-06-2300:00:00,0,6638
AL032017,CINDY,20,20170623,06:00:00,,TD,34.2,-92.8,30,1000,2017,2017-06-2306:00:00,0,6639
AL032017,CINDY,20,20170623,12:00:00,,TD,35.5,-90.8,30,1001,2017,2017-06-2312:00:00,0,6640
AL032017,CINDY,20,20170623,18:00:00,,LO,36.7,-88.1,25,1002,2017,2017-06-2318:00:00,0,6641
AL032017,CINDY,20,20170624,00:00:00,,LO,37.7,-84.4,25,1003,2017,2017-06-2400:00:00,0,6642
AL032017,CINDY,20,20170624,06:00:00,,LO,38.9,-78.5,25,1003,2017,2017-06-2406:00:00,0,6643
AL042017,UNNAMED,9,20170705,12:00:00,,LO,11.8,-35.9,20,1010,2017,2017-07-0512:00:00,0,6644
AL042017,UNNAMED,9,20170705,18:00:00,,TD,12.0,-37.1,25,1010,2017,2017-07-0518:00:00,0,6645
AL042017,UNNAMED,9,20170706,00:00:00,,TD,12.4,-38.6,25,1010,2017,2017-07-0600:00:00,0,6646
AL042017,UNNAMED,9,20170706,06:00:00,,TD,12.8,-40.3,25,1010,2017,2017-07-0606:00:00,0,6647
AL042017,UNNAMED,9,20170706,12:00:00,,TD,13.3,-42.2,25,1009,2017,2017-07-0612:00:00,0,6648
AL042017,UNNAMED,9,20170706,18:00:00,,TD,13.8,-44.1,25,1010,2017,2017-07-0618:00:00,0,6649
AL042017,UNNAMED,9,20170707,00:00:00,,TD,14.3,-46.0,25,1011,2017,2017-07-0700:00:00,0,6650
AL042017,UNNAMED,9,20170707,06:00:00,,TD,14.8,-47.9,25,1011,2017,2017-07-0706:00:00,0,6651
AL042017,UNNAMED,9,20170707,12:00:00,,TD,15.4,-49.7,25,1011,2017,2017-07-0712:00:00,0,6652
AL052017,DON,7,20170717,00:00:00,,LO,10.3,-47.7,25,1011,2017,2017-07-1700:00:00,0,6653
AL052017,DON,7,20170717,06:00:00,,TD,10.4,-49.1,30,1010,2017,2017-07-1706:00:00,0,6654
AL052017,DON,7,20170717,12:00:00,,TS,10.7,-50.6,35,1009,2017,2017-07-1712:00:00,20,6655
AL052017,DON,7,20170717,18:00:00,,TS,11.0,-52.2,40,1007,2017,2017-07-1718:00:00,20,6656
AL052017,DON,7,20170718,00:00:00,,TS,11.2,-53.8,45,1005,2017,2017-07-1800:00:00,20,6657
AL052017,DON,7,20170718,06:00:00,,TS,11.3,-55.4,40,1008,2017,2017-07-1806:00:00,30,6658
AL052017,DON,7,20170718,12:00:00,,TS,11.4,-57.1,35,1011,2017,2017-07-1812:00:00,30,6659
AL062017,EMILY,11,20170730,18:00:00,,TD,28.4,-85.4,30,1009,2017,2017-07-3018:00:00,0,6660
AL062017,EMILY,11,20170731,00:00:00,,TS,28.0,-84.6,35,1008,2017,2017-07-3100:00:00,30,6661
AL062017,EMILY,11,20170731,06:00:00,,TS,27.7,-83.9,40,1006,2017,2017-07-3106:00:00,40,6662
AL062017,EMILY,11,20170731,12:00:00,,TS,27.5,-83.1,45,1003,2017,2017-07-3112:00:00,50,6663
AL062017,EMILY,11,20170731,14:45:00,L,TS,27.5,-82.7,50,1001,2017,2017-07-3114:45:00,50,6664
AL062017,EMILY,11,20170731,18:00:00,,TS,27.5,-82.2,35,1005,2017,2017-07-3118:00:00,50,6665
AL062017,EMILY,11,20170801,00:00:00,,TD,27.5,-81.3,30,1006,2017,2017-08-0100:00:00,0,6666
AL062017,EMILY,11,20170801,06:00:00,,TD,27.8,-80.4,30,1008,2017,2017-08-0106:00:00,0,6667
AL062017,EMILY,11,20170801,12:00:00,,TD,28.7,-79.5,30,1010,2017,2017-08-0112:00:00,0,6668
AL062017,EMILY,11,20170801,18:00:00,,TD,29.7,-78.6,30,1010,2017,2017-08-0118:00:00,0,6669
AL062017,EMILY,11,20170802,00:00:00,,LO,30.7,-78.1,30,1011,2017,2017-08-0200:00:00,0,6670
AL072017,FRANKLIN,18,20170806,18:00:00,,LO,15.5,-81.5,30,1008,2017,2017-08-0618:00:00,0,6671
AL072017,FRANKLIN,18,20170807,00:00:00,,TS,16.1,-82.7,35,1006,2017,2017-08-0700:00:00,90,6672
AL072017,FRANKLIN,18,20170807,06:00:00,,TS,16.7,-83.6,40,1004,2017,2017-08-0706:00:00,120,6673
AL072017,FRANKLIN,18,20170807,12:00:00,,TS,17.4,-84.4,45,1002,2017,2017-08-0712:00:00,120,6674
AL072017,FRANKLIN,18,20170807,18:00:00,,TS,18.1,-85.3,50,999,2017,2017-08-0718:00:00,120,6675
AL072017,FRANKLIN,18,20170808,00:00:00,,TS,18.8,-86.6,50,995,2017,2017-08-0800:00:00,120,6676
AL072017,FRANKLIN,18,20170808,03:45:00,L,TS,19.1,-87.6,50,995,2017,2017-08-0803:45:00,120,6677
AL072017,FRANKLIN,18,20170808,06:00:00,,TS,19.2,-87.9,50,996,2017,2017-08-0806:00:00,140,6678
AL072017,FRANKLIN,18,20170808,12:00:00,,TS,19.6,-88.9,40,998,2017,2017-08-0812:00:00,160,6679
AL072017,FRANKLIN,18,20170808,18:00:00,,TS,19.9,-89.8,35,999,2017,2017-08-0818:00:00,160,6680
AL072017,FRANKLIN,18,20170809,00:00:00,,TS,20.2,-90.9,40,996,2017,2017-08-0900:00:00,160,6681
AL072017,FRANKLIN,18,20170809,06:00:00,,TS,20.4,-92.2,55,994,2017,2017-08-0906:00:00,140,6682
AL072017,FRANKLIN,18,20170809,12:00:00,,TS,20.2,-93.3,60,987,2017,2017-08-0912:00:00,130,6683
AL072017,FRANKLIN,18,20170809,18:00:00,,HU,20.2,-94.4,65,984,2017,2017-08-0918:00:00,130,6684
AL072017,FRANKLIN,18,20170810,00:00:00,,HU,20.3,-95.5,75,981,2017,2017-08-1000:00:00,130,6685
AL072017,FRANKLIN,18,20170810,05:00:00,L,HU,20.0,-96.6,70,990,2017,2017-08-1005:00:00,130,6686
AL072017,FRANKLIN,18,20170810,06:00:00,,TS,20.0,-96.8,60,991,2017,2017-08-1006:00:00,100,6687
AL072017,FRANKLIN,18,20170810,12:00:00,,TD,19.8,-98.3,25,1000,2017,2017-08-1012:00:00,0,6688
AL082017,GERT,28,20170812,00:00:00,,LO,22.4,-66.8,25,1013,2017,2017-08-1200:00:00,0,6689
AL082017,GERT,28,20170812,06:00:00,,LO,22.7,-67.8,25,1013,2017,2017-08-1206:00:00,0,6690
AL082017,GERT,28,20170812,12:00:00,,LO,23.2,-68.7,25,1013,2017,2017-08-1212:00:00,0,6691
AL082017,GERT,28,20170812,18:00:00,,TD,24.0,-69.4,30,1013,2017,2017-08-1218:00:00,0,6692
AL082017,GERT,28,20170813,00:00:00,,TS,24.9,-70.0,35,1012,2017,2017-08-1300:00:00,70,6693
AL082017,GERT,28,20170813,06:00:00,,TS,25.8,-70.6,35,1012,2017,2017-08-1306:00:00,70,6694
AL082017,GERT,28,20170813,12:00:00,,TS,26.8,-71.2,35,1012,2017,2017-08-1312:00:00,70,6695
AL082017,GERT,28,20170813,18:00:00,,TS,27.7,-71.6,35,1012,2017,2017-08-1318:00:00,70,6696
AL082017,GERT,28,20170814,00:00:00,,TS,28.5,-71.9,40,1009,2017,2017-08-1400:00:00,80,6697
AL082017,GERT,28,20170814,06:00:00,,TS,29.2,-72.1,45,1006,2017,2017-08-1406:00:00,80,6698
AL082017,GERT,28,20170814,12:00:00,,TS,29.7,-72.2,50,1002,2017,2017-08-1412:00:00,80,6699
AL082017,GERT,28,20170814,18:00:00,,TS,30.2,-72.3,55,996,2017,2017-08-1418:00:00,90,6700
AL082017,GERT,28,20170815,00:00:00,,TS,30.8,-72.3,60,992,2017,2017-08-1500:00:00,90,6701
AL082017,GERT,28,20170815,06:00:00,,HU,31.5,-72.3,65,986,2017,2017-08-1506:00:00,90,6702
AL082017,GERT,28,20170815,12:00:00,,HU,32.3,-72.1,70,982,2017,2017-08-1512:00:00,90,6703
AL082017,GERT,28,20170815,18:00:00,,HU,33.2,-71.8,70,980,2017,2017-08-1518:00:00,100,6704
AL082017,GERT,28,20170816,00:00:00,,HU,34.2,-71.0,75,976,2017,2017-08-1600:00:00,100,6705
AL082017,GERT,28,20170816,06:00:00,,HU,35.4,-69.5,80,973,2017,2017-08-1606:00:00,110,6706
AL082017,GERT,28,20170816,12:00:00,,HU,36.8,-67.1,85,969,2017,2017-08-1612:00:00,120,6707
AL082017,GERT,28,20170816,18:00:00,,HU,38.2,-64.1,95,962,2017,2017-08-1618:00:00,140,6708
AL082017,GERT,28,20170817,00:00:00,,HU,39.4,-60.4,90,964,2017,2017-08-1700:00:00,160,6709
AL082017,GERT,28,20170817,06:00:00,,HU,40.7,-56.2,80,968,2017,2017-08-1706:00:00,180,6710
AL082017,GERT,28,20170817,12:00:00,,TS,42.2,-52.0,60,981,2017,2017-08-1712:00:00,200,6711
AL082017,GERT,28,20170817,18:00:00,,EX,44.0,-48.0,50,988,2017,2017-08-1718:00:00,220,6712
AL082017,GERT,28,20170818,00:00:00,,EX,45.9,-44.3,40,991,2017,2017-08-1800:00:00,240,6713
AL082017,GERT,28,20170818,06:00:00,,EX,47.7,-40.5,35,994,2017,2017-08-1806:00:00,270,6714
AL082017,GERT,28,20170818,12:00:00,,EX,48.8,-37.8,35,996,2017,2017-08-1812:00:00,300,6715
AL082017,GERT,28,20170818,18:00:00,,EX,50.5,-36.5,35,998,2017,2017-08-1818:00:00,330,6716
AL092017,HARVEY,74,20170816,06:00:00,,LO,13.7,-45.8,25,1013,2017,2017-08-1606:00:00,0,6717
AL092017,HARVEY,74,20170816,12:00:00,,LO,13.7,-47.4,25,1010,2017,2017-08-1612:00:00,0,6718
AL092017,HARVEY,74,20170816,18:00:00,,LO,13.6,-49.0,25,1009,2017,2017-08-1618:00:00,0,6719
AL092017,HARVEY,74,20170817,00:00:00,,LO,13.6,-50.6,25,1010,2017,2017-08-1700:00:00,0,6720
AL092017,HARVEY,74,20170817,06:00:00,,TD,13.4,-52.0,25,1008,2017,2017-08-1706:00:00,0,6721
AL092017,HARVEY,74,20170817,12:00:00,,TD,13.1,-53.4,30,1008,2017,2017-08-1712:00:00,0,6722
AL092017,HARVEY,74,20170817,18:00:00,,TS,13.0,-55.0,35,1004,2017,2017-08-1718:00:00,30,6723
AL092017,HARVEY,74,20170818,00:00:00,,TS,13.0,-56.6,40,1003,2017,2017-08-1800:00:00,50,6724
AL092017,HARVEY,74,20170818,06:00:00,,TS,13.0,-58.4,40,1004,2017,2017-08-1806:00:00,50,6725
AL092017,HARVEY,74,20170818,10:00:00,L,TS,13.1,-59.6,40,1004,2017,2017-08-1810:00:00,50,6726
AL092017,HARVEY,74,20170818,12:00:00,,TS,13.1,-60.3,40,1004,2017,2017-08-1812:00:00,60,6727
AL092017,HARVEY,74,20170818,15:00:00,L,TS,13.2,-61.2,40,1004,2017,2017-08-1815:00:00,60,6728
AL092017,HARVEY,74,20170818,18:00:00,,TS,13.2,-62.2,35,1005,2017,2017-08-1818:00:00,60,6729
AL092017,HARVEY,74,20170819,00:00:00,,TS,13.4,-64.0,35,1005,2017,2017-08-1900:00:00,60,6730
AL092017,HARVEY,74,20170819,06:00:00,,TS,13.5,-65.7,35,1005,2017,2017-08-1906:00:00,60,6731
AL092017,HARVEY,74,20170819,12:00:00,,TD,13.7,-67.5,30,1006,2017,2017-08-1912:00:00,0,6732
AL092017,HARVEY,74,20170819,18:00:00,,WV,13.8,-69.2,30,1007,2017,2017-08-1918:00:00,0,6733
AL092017,HARVEY,74,20170820,00:00:00,,WV,14.0,-71.0,30,1007,2017,2017-08-2000:00:00,0,6734
AL092017,HARVEY,74,20170820,06:00:00,,WV,14.2,-72.9,30,1007,2017,2017-08-2006:00:00,0,6735
AL092017,HARVEY,74,20170820,12:00:00,,WV,14.4,-75.0,30,1006,2017,2017-08-2012:00:00,0,6736
AL092017,HARVEY,74,20170820,18:00:00,,WV,14.7,-76.8,30,1007,2017,2017-08-2018:00:00,0,6737
AL092017,HARVEY,74,20170821,00:00:00,,WV,15.1,-78.6,25,1007,2017,2017-08-2100:00:00,0,6738
AL092017,HARVEY,74,20170821,06:00:00,,WV,15.7,-80.5,25,1008,2017,2017-08-2106:00:00,0,6739
AL092017,HARVEY,74,20170821,12:00:00,,WV,16.4,-82.5,25,1008,2017,2017-08-2112:00:00,0,6740
AL092017,HARVEY,74,20170821,18:00:00,,WV,17.3,-84.6,25,1008,2017,2017-08-2118:00:00,0,6741
AL092017,HARVEY,74,20170822,00:00:00,,WV,18.0,-86.4,25,1008,2017,2017-08-2200:00:00,0,6742
AL092017,HARVEY,74,20170822,06:00:00,,WV,18.6,-87.8,25,1009,2017,2017-08-2206:00:00,0,6743
AL092017,HARVEY,74,20170822,12:00:00,,WV,19.4,-88.8,25,1010,2017,2017-08-2212:00:00,0,6744
AL092017,HARVEY,74,20170822,18:00:00,,LO,20.0,-89.7,25,1010,2017,2017-08-2218:00:00,0,6745
AL092017,HARVEY,74,20170823,00:00:00,,LO,20.5,-90.7,25,1009,2017,2017-08-2300:00:00,0,6746
AL092017,HARVEY,74,20170823,06:00:00,,LO,20.9,-91.6,25,1008,2017,2017-08-2306:00:00,0,6747
AL092017,HARVEY,74,20170823,12:00:00,,TD,21.4,-92.3,30,1006,2017,2017-08-2312:00:00,0,6748
AL092017,HARVEY,74,20170823,18:00:00,,TS,21.6,-92.4,35,1005,2017,2017-08-2318:00:00,60,6749
AL092017,HARVEY,74,20170824,00:00:00,,TS,22.0,-92.5,40,1003,2017,2017-08-2400:00:00,70,6750
AL092017,HARVEY,74,20170824,06:00:00,,TS,22.8,-92.6,50,997,2017,2017-08-2406:00:00,80,6751
AL092017,HARVEY,74,20170824,12:00:00,,TS,23.7,-93.1,60,986,2017,2017-08-2412:00:00,80,6752
AL092017,HARVEY,74,20170824,18:00:00,,HU,24.4,-93.6,70,978,2017,2017-08-2418:00:00,80,6753
AL092017,HARVEY,74,20170825,00:00:00,,HU,25.0,-94.4,80,973,2017,2017-08-2500:00:00,90,6754
AL092017,HARVEY,74,20170825,06:00:00,,HU,25.6,-95.1,90,966,2017,2017-08-2506:00:00,120,6755
AL092017,HARVEY,74,20170825,12:00:00,,HU,26.3,-95.8,95,949,2017,2017-08-2512:00:00,120,6756
AL092017,HARVEY,74,20170825,18:00:00,,HU,27.1,-96.3,105,943,2017,2017-08-2518:00:00,120,6757
AL092017,HARVEY,74,20170826,00:00:00,,HU,27.8,-96.8,115,941,2017,2017-08-2600:00:00,120,6758
AL092017,HARVEY,74,20170826,03:00:00,L,HU,28.0,-96.9,115,937,2017,2017-08-2603:00:00,120,6759
AL092017,HARVEY,74,20170826,06:00:00,L,HU,28.2,-97.1,105,948,2017,2017-08-2606:00:00,120,6760
AL092017,HARVEY,74,20170826,12:00:00,,HU,28.7,-97.3,65,978,2017,2017-08-2612:00:00,120,6761
AL092017,HARVEY,74,20170826,18:00:00,,TS,29.0,-97.5,50,991,2017,2017-08-2618:00:00,100,6762
AL092017,HARVEY,74,20170827,00:00:00,,TS,29.2,-97.4,45,995,2017,2017-08-2700:00:00,100,6763
AL092017,HARVEY,74,20170827,06:00:00,,TS,29.3,-97.6,40,998,2017,2017-08-2706:00:00,100,6764
AL092017,HARVEY,74,20170827,12:00:00,,TS,29.1,-97.5,35,998,2017,2017-08-2712:00:00,150,6765
AL092017,HARVEY,74,20170827,18:00:00,,TS,29.0,-97.2,35,998,2017,2017-08-2718:00:00,120,6766
AL092017,HARVEY,74,20170828,00:00:00,,TS,28.8,-96.8,35,997,2017,2017-08-2800:00:00,120,6767
AL092017,HARVEY,74,20170828,06:00:00,,TS,28.6,-96.5,40,997,2017,2017-08-2806:00:00,150,6768
AL092017,HARVEY,74,20170828,12:00:00,,TS,28.5,-96.2,40,997,2017,2017-08-2812:00:00,150,6769
AL092017,HARVEY,74,20170828,18:00:00,,TS,28.4,-95.9,40,997,2017,2017-08-2818:00:00,150,6770
AL092017,HARVEY,74,20170829,00:00:00,,TS,28.2,-95.4,40,996,2017,2017-08-2900:00:00,150,6771
AL092017,HARVEY,74,20170829,06:00:00,,TS,28.1,-95.0,40,996,2017,2017-08-2906:00:00,150,6772
AL092017,HARVEY,74,20170829,12:00:00,,TS,28.2,-94.6,40,995,2017,2017-08-2912:00:00,140,6773
AL092017,HARVEY,74,20170829,18:00:00,,TS,28.5,-94.2,45,993,2017,2017-08-2918:00:00,140,6774
AL092017,HARVEY,74,20170830,00:00:00,,TS,28.9,-93.8,45,994,2017,2017-08-3000:00:00,140,6775
AL092017,HARVEY,74,20170830,06:00:00,,TS,29.4,-93.6,40,990,2017,2017-08-3006:00:00,70,6776
AL092017,HARVEY,74,20170830,08:00:00,L,TS,29.8,-93.5,40,991,2017,2017-08-3008:00:00,70,6777
AL092017,HARVEY,74,20170830,12:00:00,,TS,30.1,-93.4,40,992,2017,2017-08-3012:00:00,70,6778
AL092017,HARVEY,74,20170830,18:00:00,,TS,30.6,-93.1,35,996,2017,2017-08-3018:00:00,70,6779
AL092017,HARVEY,74,20170831,00:00:00,,TD,31.3,-92.6,30,998,2017,2017-08-3100:00:00,0,6780
AL092017,HARVEY,74,20170831,06:00:00,,TD,31.9,-92.2,25,999,2017,2017-08-3106:00:00,0,6781
AL092017,HARVEY,74,20170831,12:00:00,,TD,32.5,-91.7,20,1001,2017,2017-08-3112:00:00,0,6782
AL092017,HARVEY,74,20170831,18:00:00,,TD,33.4,-90.9,25,1001,2017,2017-08-3118:00:00,0,6783
AL092017,HARVEY,74,20170901,00:00:00,,TD,34.1,-89.6,30,1000,2017,2017-09-0100:00:00,0,6784
AL092017,HARVEY,74,20170901,06:00:00,,EX,34.9,-88.2,30,1002,2017,2017-09-0106:00:00,0,6785
AL092017,HARVEY,74,20170901,12:00:00,,EX,36.0,-87.1,25,1002,2017,2017-09-0112:00:00,0,6786
AL092017,HARVEY,74,20170901,18:00:00,,EX,36.5,-86.4,20,1004,2017,2017-09-0118:00:00,0,6787
AL092017,HARVEY,74,20170902,00:00:00,,EX,37.2,-85.6,20,1007,2017,2017-09-0200:00:00,0,6788
AL092017,HARVEY,74,20170902,06:00:00,,EX,37.9,-84.9,20,1009,2017,2017-09-0206:00:00,0,6789
AL092017,HARVEY,74,20170902,12:00:00,,EX,38.2,-84.7,15,1013,2017,2017-09-0212:00:00,0,6790
AL112017,IRMA,66,20170830,00:00:00,,TD,16.1,-26.9,30,1008,2017,2017-08-3000:00:00,0,6791
AL112017,IRMA,66,20170830,06:00:00,,TS,16.2,-28.3,35,1007,2017,2017-08-3006:00:00,30,6792
AL112017,IRMA,66,20170830,12:00:00,,TS,16.3,-29.7,45,1006,2017,2017-08-3012:00:00,30,6793
AL112017,IRMA,66,20170830,18:00:00,,TS,16.3,-30.8,50,1004,2017,2017-08-3018:00:00,30,6794
AL112017,IRMA,66,20170831,00:00:00,,TS,16.3,-31.7,55,999,2017,2017-08-3100:00:00,40,6795
AL112017,IRMA,66,20170831,06:00:00,,HU,16.4,-32.5,65,994,2017,2017-08-3106:00:00,50,6796
AL112017,IRMA,66,20170831,12:00:00,,HU,16.7,-33.4,80,983,2017,2017-08-3112:00:00,60,6797
AL112017,IRMA,66,20170831,18:00:00,,HU,17.1,-34.2,95,970,2017,2017-08-3118:00:00,70,6798
AL112017,IRMA,66,20170901,00:00:00,,HU,17.5,-35.1,100,967,2017,2017-09-0100:00:00,70,6799
AL112017,IRMA,66,20170901,06:00:00,,HU,17.9,-36.1,100,967,2017,2017-09-0106:00:00,80,6800
AL112017,IRMA,66,20170901,12:00:00,,HU,18.4,-37.3,100,967,2017,2017-09-0112:00:00,80,6801
AL112017,IRMA,66,20170901,18:00:00,,HU,18.8,-38.5,100,967,2017,2017-09-0118:00:00,90,6802
AL112017,IRMA,66,20170902,00:00:00,,HU,19.1,-39.7,100,967,2017,2017-09-0200:00:00,90,6803
AL112017,IRMA,66,20170902,06:00:00,,HU,19.1,-41.1,100,967,2017,2017-09-0206:00:00,90,6804
AL112017,IRMA,66,20170902,12:00:00,,HU,18.9,-42.6,95,973,2017,2017-09-0212:00:00,90,6805
AL112017,IRMA,66,20170902,18:00:00,,HU,18.7,-44.1,95,973,2017,2017-09-0218:00:00,90,6806
AL112017,IRMA,66,20170903,00:00:00,,HU,18.5,-45.5,95,973,2017,2017-09-0300:00:00,100,6807
AL112017,IRMA,66,20170903,06:00:00,,HU,18.2,-46.7,95,973,2017,2017-09-0306:00:00,110,6808
AL112017,IRMA,66,20170903,12:00:00,,HU,17.9,-47.9,100,969,2017,2017-09-0312:00:00,120,6809
AL112017,IRMA,66,20170903,18:00:00,,HU,17.6,-49.2,100,965,2017,2017-09-0318:00:00,120,6810
AL112017,IRMA,66,20170904,00:00:00,,HU,17.3,-50.4,100,959,2017,2017-09-0400:00:00,120,6811
AL112017,IRMA,66,20170904,06:00:00,,HU,17.0,-51.5,105,952,2017,2017-09-0406:00:00,120,6812
AL112017,IRMA,66,20170904,12:00:00,,HU,16.8,-52.6,110,945,2017,2017-09-0412:00:00,120,6813
AL112017,IRMA,66,20170904,18:00:00,,HU,16.7,-53.9,115,944,2017,2017-09-0418:00:00,120,6814
AL112017,IRMA,66,20170905,00:00:00,,HU,16.6,-55.1,125,943,2017,2017-09-0500:00:00,120,6815
AL112017,IRMA,66,20170905,06:00:00,,HU,16.6,-56.4,135,933,2017,2017-09-0506:00:00,130,6816
AL112017,IRMA,66,20170905,12:00:00,,HU,16.7,-57.8,150,929,2017,2017-09-0512:00:00,140,6817
AL112017,IRMA,66,20170905,18:00:00,,HU,16.9,-59.2,155,926,2017,2017-09-0518:00:00,150,6818
AL112017,IRMA,66,20170906,00:00:00,,HU,17.3,-60.6,155,915,2017,2017-09-0600:00:00,150,6819
AL112017,IRMA,66,20170906,05:45:00,L,HU,17.7,-61.8,155,914,2017,2017-09-0605:45:00,150,6820
AL112017,IRMA,66,20170906,06:00:00,,HU,17.7,-61.9,155,914,2017,2017-09-0606:00:00,150,6821
AL112017,IRMA,66,20170906,11:15:00,L,HU,18.1,-63.1,155,914,2017,2017-09-0611:15:00,150,6822
AL112017,IRMA,66,20170906,12:00:00,,HU,18.1,-63.3,155,915,2017,2017-09-0612:00:00,160,6823
AL112017,IRMA,66,20170906,16:30:00,L,HU,18.5,-64.4,155,915,2017,2017-09-0616:30:00,160,6824
AL112017,IRMA,66,20170906,18:00:00,,HU,18.6,-64.7,150,916,2017,2017-09-0618:00:00,160,6825
AL112017,IRMA,66,20170907,00:00:00,,HU,19.2,-66.2,150,916,2017,2017-09-0700:00:00,160,6826
AL112017,IRMA,66,20170907,06:00:00,,HU,19.7,-67.6,145,920,2017,2017-09-0706:00:00,160,6827
AL112017,IRMA,66,20170907,12:00:00,,HU,20.2,-69.0,145,921,2017,2017-09-0712:00:00,160,6828
AL112017,IRMA,66,20170907,18:00:00,,HU,20.7,-70.4,145,922,2017,2017-09-0718:00:00,160,6829
AL112017,IRMA,66,20170908,00:00:00,,HU,21.1,-71.8,140,919,2017,2017-09-0800:00:00,160,6830
AL112017,IRMA,66,20170908,05:00:00,L,HU,21.5,-73.0,135,924,2017,2017-09-0805:00:00,160,6831
AL112017,IRMA,66,20170908,06:00:00,,HU,21.5,-73.2,135,925,2017,2017-09-0806:00:00,160,6832
AL112017,IRMA,66,20170908,12:00:00,,HU,21.8,-74.7,135,927,2017,2017-09-0812:00:00,160,6833
AL112017,IRMA,66,20170908,18:00:00,,HU,22.0,-76.0,140,925,2017,2017-09-0818:00:00,160,6834
AL112017,IRMA,66,20170909,00:00:00,,HU,22.1,-77.2,145,924,2017,2017-09-0900:00:00,160,6835
AL112017,IRMA,66,20170909,03:00:00,L,HU,22.3,-77.9,145,924,2017,2017-09-0903:00:00,160,6836
AL112017,IRMA,66,20170909,06:00:00,,HU,22.4,-78.3,130,930,2017,2017-09-0906:00:00,170,6837
AL112017,IRMA,66,20170909,12:00:00,,HU,22.7,-79.3,110,941,2017,2017-09-0912:00:00,170,6838
AL112017,IRMA,66,20170909,18:00:00,,HU,23.1,-80.2,95,938,2017,2017-09-0918:00:00,180,6839
AL112017,IRMA,66,20170910,00:00:00,,HU,23.4,-80.9,100,932,2017,2017-09-1000:00:00,210,6840
AL112017,IRMA,66,20170910,06:00:00,,HU,23.7,-81.3,115,930,2017,2017-09-1006:00:00,240,6841
AL112017,IRMA,66,20170910,12:00:00,,HU,24.5,-81.5,115,931,2017,2017-09-1012:00:00,270,6842
AL112017,IRMA,66,20170910,13:00:00,L,HU,24.7,-81.5,115,931,2017,2017-09-1013:00:00,270,6843
AL112017,IRMA,66,20170910,18:00:00,,HU,25.6,-81.7,100,936,2017,2017-09-1018:00:00,300,6844
AL112017,IRMA,66,20170910,19:30:00,L,HU,25.9,-81.7,100,936,2017,2017-09-1019:30:00,330,6845
AL112017,IRMA,66,20170911,00:00:00,,HU,26.8,-81.7,80,942,2017,2017-09-1100:00:00,360,6846
AL112017,IRMA,66,20170911,06:00:00,,HU,28.2,-82.2,65,961,2017,2017-09-1106:00:00,360,6847
AL112017,IRMA,66,20170911,12:00:00,,TS,29.6,-82.7,50,970,2017,2017-09-1112:00:00,360,6848
AL112017,IRMA,66,20170911,18:00:00,,TS,30.9,-83.5,45,980,2017,2017-09-1118:00:00,360,6849
AL112017,IRMA,66,20170912,00:00:00,,TS,31.9,-84.4,35,986,2017,2017-09-1200:00:00,360,6850
AL112017,IRMA,66,20170912,06:00:00,,LO,32.9,-85.6,25,997,2017,2017-09-1206:00:00,0,6851
AL112017,IRMA,66,20170912,12:00:00,,LO,33.8,-86.9,20,1000,2017,2017-09-1212:00:00,0,6852
AL112017,IRMA,66,20170912,18:00:00,,LO,34.8,-88.1,15,1003,2017,2017-09-1218:00:00,0,6853
AL112017,IRMA,66,20170913,00:00:00,,LO,35.6,-88.9,15,1004,2017,2017-09-1300:00:00,0,6854
AL112017,IRMA,66,20170913,06:00:00,,LO,36.2,-89.5,15,1004,2017,2017-09-1306:00:00,0,6855
AL112017,IRMA,66,20170913,12:00:00,,LO,36.8,-90.1,15,1005,2017,2017-09-1312:00:00,0,6856
AL122017,JOSE,85,20170904,06:00:00,,LO,9.3,-33.5,20,1010,2017,2017-09-0406:00:00,0,6857
AL122017,JOSE,85,20170904,12:00:00,,LO,10.0,-34.9,25,1010,2017,2017-09-0412:00:00,0,6858
AL122017,JOSE,85,20170904,18:00:00,,LO,10.6,-36.0,25,1010,2017,2017-09-0418:00:00,0,6859
AL122017,JOSE,85,20170905,00:00:00,,LO,11.1,-37.0,25,1009,2017,2017-09-0500:00:00,0,6860
AL122017,JOSE,85,20170905,06:00:00,,TD,11.6,-37.9,30,1008,2017,2017-09-0506:00:00,0,6861
AL122017,JOSE,85,20170905,12:00:00,,TS,12.0,-38.8,35,1008,2017,2017-09-0512:00:00,40,6862
AL122017,JOSE,85,20170905,18:00:00,,TS,12.2,-40.0,40,1006,2017,2017-09-0518:00:00,50,6863
AL122017,JOSE,85,20170906,00:00:00,,TS,12.2,-41.3,45,1004,2017,2017-09-0600:00:00,50,6864
AL122017,JOSE,85,20170906,06:00:00,,TS,12.5,-42.6,50,1001,2017,2017-09-0606:00:00,50,6865
AL122017,JOSE,85,20170906,12:00:00,,TS,13.1,-43.9,55,998,2017,2017-09-0612:00:00,50,6866
AL122017,JOSE,85,20170906,18:00:00,,HU,13.7,-45.2,65,995,2017,2017-09-0618:00:00,60,6867
AL122017,JOSE,85,20170907,00:00:00,,HU,14.1,-46.7,70,993,2017,2017-09-0700:00:00,70,6868
AL122017,JOSE,85,20170907,06:00:00,,HU,14.4,-48.3,80,986,2017,2017-09-0706:00:00,80,6869
AL122017,JOSE,85,20170907,12:00:00,,HU,14.7,-49.9,90,977,2017,2017-09-0712:00:00,90,6870
AL122017,JOSE,85,20170907,18:00:00,,HU,15.1,-51.5,100,969,2017,2017-09-0718:00:00,100,6871
AL122017,JOSE,85,20170908,00:00:00,,HU,15.5,-53.2,105,964,2017,2017-09-0800:00:00,100,6872
AL122017,JOSE,85,20170908,06:00:00,,HU,15.9,-54.9,115,955,2017,2017-09-0806:00:00,110,6873
AL122017,JOSE,85,20170908,12:00:00,,HU,16.1,-56.4,130,940,2017,2017-09-0812:00:00,120,6874
AL122017,JOSE,85,20170908,18:00:00,,HU,16.4,-57.8,135,939,2017,2017-09-0818:00:00,120,6875
AL122017,JOSE,85,20170909,00:00:00,,HU,16.7,-58.9,135,938,2017,2017-09-0900:00:00,130,6876
AL122017,JOSE,85,20170909,06:00:00,,HU,17.2,-59.9,130,940,2017,2017-09-0906:00:00,130,6877
AL122017,JOSE,85,20170909,12:00:00,,HU,17.9,-60.8,125,941,2017,2017-09-0912:00:00,130,6878
AL122017,JOSE,85,20170909,18:00:00,,HU,18.6,-61.8,120,942,2017,2017-09-0918:00:00,130,6879
AL122017,JOSE,85,20170910,00:00:00,,HU,19.4,-62.9,115,943,2017,2017-09-1000:00:00,130,6880
AL122017,JOSE,85,20170910,06:00:00,,HU,20.3,-64.0,115,945,2017,2017-09-1006:00:00,130,6881
AL122017,JOSE,85,20170910,12:00:00,,HU,21.2,-65.3,115,948,2017,2017-09-1012:00:00,130,6882
AL122017,JOSE,85,20170910,18:00:00,,HU,22.2,-66.5,105,956,2017,2017-09-1018:00:00,130,6883
AL122017,JOSE,85,20170911,00:00:00,,HU,23.3,-67.6,100,962,2017,2017-09-1100:00:00,130,6884
AL122017,JOSE,85,20170911,06:00:00,,HU,24.3,-68.6,90,968,2017,2017-09-1106:00:00,130,6885
AL122017,JOSE,85,20170911,12:00:00,,HU,25.4,-69.4,85,972,2017,2017-09-1112:00:00,130,6886
AL122017,JOSE,85,20170911,18:00:00,,HU,26.5,-69.5,80,974,2017,2017-09-1118:00:00,120,6887
AL122017,JOSE,85,20170912,00:00:00,,HU,27.2,-69.4,75,977,2017,2017-09-1200:00:00,120,6888
AL122017,JOSE,85,20170912,06:00:00,,HU,27.6,-69.1,70,979,2017,2017-09-1206:00:00,120,6889
AL122017,JOSE,85,20170912,12:00:00,,HU,27.7,-68.3,70,979,2017,2017-09-1212:00:00,120,6890
AL122017,JOSE,85,20170912,18:00:00,,HU,27.4,-67.4,70,980,2017,2017-09-1218:00:00,110,6891
AL122017,JOSE,85,20170913,00:00:00,,HU,26.8,-66.7,70,981,2017,2017-09-1300:00:00,110,6892
AL122017,JOSE,85,20170913,06:00:00,,HU,26.3,-66.2,70,981,2017,2017-09-1306:00:00,110,6893
AL122017,JOSE,85,20170913,12:00:00,,HU,25.8,-65.8,70,981,2017,2017-09-1312:00:00,110,6894
AL122017,JOSE,85,20170913,18:00:00,,HU,25.4,-65.6,70,981,2017,2017-09-1318:00:00,110,6895
AL122017,JOSE,85,20170914,00:00:00,,HU,25.1,-65.7,70,981,2017,2017-09-1400:00:00,110,6896
AL122017,JOSE,85,20170914,06:00:00,,HU,24.9,-65.9,70,981,2017,2017-09-1406:00:00,110,6897
AL122017,JOSE,85,20170914,12:00:00,,HU,24.8,-66.3,65,983,2017,2017-09-1412:00:00,110,6898
AL122017,JOSE,85,20170914,18:00:00,,HU,25.0,-66.9,65,985,2017,2017-09-1418:00:00,110,6899
AL122017,JOSE,85,20170915,00:00:00,,TS,25.4,-67.6,60,988,2017,2017-09-1500:00:00,110,6900
AL122017,JOSE,85,20170915,06:00:00,,TS,25.8,-68.2,60,988,2017,2017-09-1506:00:00,120,6901
AL122017,JOSE,85,20170915,12:00:00,,TS,26.3,-69.0,60,986,2017,2017-09-1512:00:00,120,6902
AL122017,JOSE,85,20170915,18:00:00,,HU,26.8,-69.9,65,983,2017,2017-09-1518:00:00,120,6903
AL122017,JOSE,85,20170916,00:00:00,,HU,27.2,-70.7,65,983,2017,2017-09-1600:00:00,130,6904
AL122017,JOSE,85,20170916,06:00:00,,HU,27.7,-71.4,65,983,2017,2017-09-1606:00:00,130,6905
AL122017,JOSE,85,20170916,12:00:00,,HU,28.2,-71.8,65,980,2017,2017-09-1612:00:00,140,6906
AL122017,JOSE,85,20170916,18:00:00,,HU,28.6,-72.0,65,973,2017,2017-09-1618:00:00,150,6907
AL122017,JOSE,85,20170917,00:00:00,,HU,29.1,-72.0,70,971,2017,2017-09-1700:00:00,150,6908
AL122017,JOSE,85,20170917,06:00:00,,HU,29.8,-72.0,75,969,2017,2017-09-1706:00:00,160,6909
AL122017,JOSE,85,20170917,12:00:00,,HU,30.5,-71.9,80,967,2017,2017-09-1712:00:00,170,6910
AL122017,JOSE,85,20170917,18:00:00,,HU,31.2,-71.8,80,967,2017,2017-09-1718:00:00,180,6911
AL122017,JOSE,85,20170918,00:00:00,,HU,31.9,-71.6,80,972,2017,2017-09-1800:00:00,180,6912
AL122017,JOSE,85,20170918,06:00:00,,HU,32.7,-71.4,75,974,2017,2017-09-1806:00:00,190,6913
AL122017,JOSE,85,20170918,12:00:00,,HU,33.5,-71.2,70,976,2017,2017-09-1812:00:00,200,6914
AL122017,JOSE,85,20170918,18:00:00,,HU,34.2,-71.2,65,975,2017,2017-09-1818:00:00,200,6915
AL122017,JOSE,85,20170919,00:00:00,,HU,34.9,-71.4,65,972,2017,2017-09-1900:00:00,210,6916
AL122017,JOSE,85,20170919,06:00:00,,HU,35.6,-71.6,65,971,2017,2017-09-1906:00:00,210,6917
AL122017,JOSE,85,20170919,12:00:00,,TS,36.3,-71.7,60,973,2017,2017-09-1912:00:00,210,6918
AL122017,JOSE,85,20170919,18:00:00,,TS,37.0,-71.5,60,973,2017,2017-09-1918:00:00,210,6919
AL122017,JOSE,85,20170920,00:00:00,,TS,37.6,-71.2,60,973,2017,2017-09-2000:00:00,210,6920
AL122017,JOSE,85,20170920,06:00:00,,TS,38.1,-70.8,60,975,2017,2017-09-2006:00:00,210,6921
AL122017,JOSE,85,20170920,12:00:00,,TS,38.7,-70.2,60,976,2017,2017-09-2012:00:00,200,6922
AL122017,JOSE,85,20170920,18:00:00,,TS,39.2,-69.4,60,976,2017,2017-09-2018:00:00,200,6923
AL122017,JOSE,85,20170921,00:00:00,,TS,39.4,-68.5,55,979,2017,2017-09-2100:00:00,190,6924
AL122017,JOSE,85,20170921,06:00:00,,TS,39.7,-68.1,55,982,2017,2017-09-2106:00:00,180,6925
AL122017,JOSE,85,20170921,12:00:00,,TS,39.7,-68.0,55,984,2017,2017-09-2112:00:00,180,6926
AL122017,JOSE,85,20170921,18:00:00,,TS,39.5,-68.0,50,984,2017,2017-09-2118:00:00,180,6927
AL122017,JOSE,85,20170922,00:00:00,,TS,39.5,-68.2,45,986,2017,2017-09-2200:00:00,170,6928
AL122017,JOSE,85,20170922,06:00:00,,TS,39.6,-68.6,45,989,2017,2017-09-2206:00:00,160,6929
AL122017,JOSE,85,20170922,12:00:00,,TS,39.7,-69.0,40,992,2017,2017-09-2212:00:00,140,6930
AL122017,JOSE,85,20170922,18:00:00,,LO,39.7,-69.1,40,996,2017,2017-09-2218:00:00,130,6931
AL122017,JOSE,85,20170923,00:00:00,,LO,39.7,-69.3,35,999,2017,2017-09-2300:00:00,120,6932
AL122017,JOSE,85,20170923,06:00:00,,LO,39.5,-69.6,35,1002,2017,2017-09-2306:00:00,110,6933
AL122017,JOSE,85,20170923,12:00:00,,LO,39.1,-69.7,30,1004,2017,2017-09-2312:00:00,0,6934
AL122017,JOSE,85,20170923,18:00:00,,LO,38.7,-69.1,30,1007,2017,2017-09-2318:00:00,0,6935
AL122017,JOSE,85,20170924,00:00:00,,LO,38.7,-68.7,25,1009,2017,2017-09-2400:00:00,0,6936
AL122017,JOSE,85,20170924,06:00:00,,LO,38.9,-68.4,25,1010,2017,2017-09-2406:00:00,0,6937
AL122017,JOSE,85,20170924,12:00:00,,LO,38.9,-68.0,20,1011,2017,2017-09-2412:00:00,0,6938
AL122017,JOSE,85,20170924,18:00:00,,LO,38.7,-68.2,15,1011,2017,2017-09-2418:00:00,0,6939
AL122017,JOSE,85,20170925,00:00:00,,LO,38.7,-68.7,15,1012,2017,2017-09-2500:00:00,0,6940
AL122017,JOSE,85,20170925,06:00:00,,LO,38.7,-69.2,15,1013,2017,2017-09-2506:00:00,0,6941
AL132017,KATIA,18,20170905,12:00:00,,TD,22.2,-97.2,25,1010,2017,2017-09-0512:00:00,0,6942
AL132017,KATIA,18,20170905,18:00:00,,TD,22.4,-97.0,30,1008,2017,2017-09-0518:00:00,0,6943
AL132017,KATIA,18,20170906,00:00:00,,TD,22.4,-96.7,30,1008,2017,2017-09-0600:00:00,0,6944
AL132017,KATIA,18,20170906,06:00:00,,TS,22.2,-96.4,35,1006,2017,2017-09-0606:00:00,40,6945
AL132017,KATIA,18,20170906,12:00:00,,TS,22.0,-95.8,45,1004,2017,2017-09-0612:00:00,40,6946
AL132017,KATIA,18,20170906,18:00:00,,HU,21.8,-95.2,65,992,2017,2017-09-0618:00:00,50,6947
AL132017,KATIA,18,20170907,00:00:00,,HU,21.7,-94.9,70,989,2017,2017-09-0700:00:00,50,6948
AL132017,KATIA,18,20170907,06:00:00,,HU,21.6,-94.6,70,985,2017,2017-09-0706:00:00,50,6949
AL132017,KATIA,18,20170907,12:00:00,,HU,21.6,-94.6,70,982,2017,2017-09-0712:00:00,50,6950
AL132017,KATIA,18,20170907,18:00:00,,HU,21.6,-94.6,70,982,2017,2017-09-0718:00:00,50,6951
AL132017,KATIA,18,20170908,00:00:00,,HU,21.5,-95.0,75,982,2017,2017-09-0800:00:00,50,6952
AL132017,KATIA,18,20170908,06:00:00,,HU,21.4,-95.3,80,977,2017,2017-09-0806:00:00,50,6953
AL132017,KATIA,18,20170908,12:00:00,,HU,21.1,-95.7,85,973,2017,2017-09-0812:00:00,60,6954
AL132017,KATIA,18,20170908,18:00:00,,HU,21.1,-96.2,90,972,2017,2017-09-0818:00:00,60,6955
AL132017,KATIA,18,20170909,00:00:00,,HU,20.8,-96.9,70,988,2017,2017-09-0900:00:00,50,6956
AL132017,KATIA,18,20170909,03:00:00,L,HU,20.6,-97.1,65,990,2017,2017-09-0903:00:00,50,6957
AL132017,KATIA,18,20170909,06:00:00,,TS,20.3,-97.4,35,1001,2017,2017-09-0906:00:00,50,6958
AL132017,KATIA,18,20170909,12:00:00,,TD,20.1,-97.7,30,1004,2017,2017-09-0912:00:00,0,6959
AL142017,LEE,63,20170914,18:00:00,,TD,10.4,-23.1,25,1011,2017,2017-09-1418:00:00,0,6960
AL142017,LEE,63,20170915,00:00:00,,TD,10.6,-24.7,30,1010,2017,2017-09-1500:00:00,0,6961
AL142017,LEE,63,20170915,06:00:00,,TD,11.1,-26.2,30,1008,2017,2017-09-1506:00:00,0,6962
AL142017,LEE,63,20170915,12:00:00,,TD,11.7,-27.6,30,1008,2017,2017-09-1512:00:00,0,6963
AL142017,LEE,63,20170915,18:00:00,,TD,12.4,-29.0,30,1009,2017,2017-09-1518:00:00,0,6964
AL142017,LEE,63,20170916,00:00:00,,TD,12.6,-30.5,30,1009,2017,2017-09-1600:00:00,0,6965
AL142017,LEE,63,20170916,06:00:00,,TD,12.6,-31.9,30,1008,2017,2017-09-1606:00:00,0,6966
AL142017,LEE,63,20170916,12:00:00,,TS,12.5,-33.1,35,1007,2017,2017-09-1612:00:00,60,6967
AL142017,LEE,63,20170916,18:00:00,,TS,12.6,-33.9,35,1007,2017,2017-09-1618:00:00,60,6968
AL142017,LEE,63,20170917,00:00:00,,TS,12.7,-34.6,35,1007,2017,2017-09-1700:00:00,50,6969
AL142017,LEE,63,20170917,06:00:00,,TS,12.8,-35.4,35,1007,2017,2017-09-1706:00:00,50,6970
AL142017,LEE,63,20170917,12:00:00,,TD,12.9,-36.2,30,1008,2017,2017-09-1712:00:00,0,6971
AL142017,LEE,63,20170917,18:00:00,,TD,13.1,-37.0,30,1008,2017,2017-09-1718:00:00,0,6972
AL142017,LEE,63,20170918,00:00:00,,TD,13.4,-37.9,30,1008,2017,2017-09-1800:00:00,0,6973
AL142017,LEE,63,20170918,06:00:00,,TD,13.8,-39.0,30,1008,2017,2017-09-1806:00:00,0,6974
AL142017,LEE,63,20170918,12:00:00,,TD,14.2,-40.2,30,1008,2017,2017-09-1812:00:00,0,6975
AL142017,LEE,63,20170918,18:00:00,,TD,14.5,-41.5,30,1008,2017,2017-09-1818:00:00,0,6976
AL142017,LEE,63,20170919,00:00:00,,TD,14.9,-42.6,25,1009,2017,2017-09-1900:00:00,0,6977
AL142017,LEE,63,20170919,06:00:00,,TD,15.5,-43.3,25,1009,2017,2017-09-1906:00:00,0,6978
AL142017,LEE,63,20170919,12:00:00,,TD,16.1,-43.8,30,1008,2017,2017-09-1912:00:00,0,6979
AL142017,LEE,63,20170919,18:00:00,,TS,16.8,-44.4,35,1007,2017,2017-09-1918:00:00,40,6980
AL142017,LEE,63,20170920,00:00:00,,TS,17.6,-45.0,40,1006,2017,2017-09-2000:00:00,70,6981
AL142017,LEE,63,20170920,06:00:00,,TS,18.3,-45.2,35,1007,2017,2017-09-2006:00:00,70,6982
AL142017,LEE,63,20170920,12:00:00,,DB,20.4,-44.1,30,1009,2017,2017-09-2012:00:00,0,6983
AL142017,LEE,63,20170920,18:00:00,,DB,22.0,-43.9,30,1011,2017,2017-09-2018:00:00,0,6984
AL142017,LEE,63,20170921,00:00:00,,DB,23.8,-43.9,25,1015,2017,2017-09-2100:00:00,0,6985
AL142017,LEE,63,20170921,06:00:00,,DB,26.5,-45.3,25,1016,2017,2017-09-2106:00:00,0,6986
AL142017,LEE,63,20170921,12:00:00,,DB,27.8,-46.5,25,1016,2017,2017-09-2112:00:00,0,6987
AL142017,LEE,63,20170921,18:00:00,,DB,28.8,-47.5,25,1016,2017,2017-09-2118:00:00,0,6988
AL142017,LEE,63,20170922,00:00:00,,DB,29.3,-48.3,25,1016,2017,2017-09-2200:00:00,0,6989
AL142017,LEE,63,20170922,06:00:00,,DB,29.6,-48.7,25,1016,2017,2017-09-2206:00:00,0,6990
AL142017,LEE,63,20170922,12:00:00,,TD,30.0,-48.9,25,1014,2017,2017-09-2212:00:00,0,6991
AL142017,LEE,63,20170922,18:00:00,,TD,30.5,-49.1,30,1012,2017,2017-09-2218:00:00,0,6992
AL142017,LEE,63,20170923,00:00:00,,TS,31.1,-49.2,35,1010,2017,2017-09-2300:00:00,20,6993
AL142017,LEE,63,20170923,06:00:00,,TS,31.5,-49.3,35,1009,2017,2017-09-2306:00:00,20,6994
AL142017,LEE,63,20170923,12:00:00,,TS,31.8,-49.4,40,1006,2017,2017-09-2312:00:00,20,6995
AL142017,LEE,63,20170923,18:00:00,,TS,32.0,-49.8,45,1003,2017,2017-09-2318:00:00,30,6996
AL142017,LEE,63,20170924,00:00:00,,TS,31.9,-50.1,50,1000,2017,2017-09-2400:00:00,30,6997
AL142017,LEE,63,20170924,06:00:00,,HU,31.7,-50.2,65,990,2017,2017-09-2406:00:00,30,6998
AL142017,LEE,63,20170924,12:00:00,,HU,31.5,-50.1,75,983,2017,2017-09-2412:00:00,30,6999
AL142017,LEE,63,20170924,18:00:00,,HU,31.3,-49.8,80,980,2017,2017-09-2418:00:00,30,7000
AL142017,LEE,63,20170925,00:00:00,,HU,31.2,-49.6,85,976,2017,2017-09-2500:00:00,30,7001
AL142017,LEE,63,20170925,06:00:00,,HU,31.0,-49.5,80,978,2017,2017-09-2506:00:00,30,7002
AL142017,LEE,63,20170925,12:00:00,,HU,30.8,-49.7,80,980,2017,2017-09-2512:00:00,30,7003
AL142017,LEE,63,20170925,18:00:00,,HU,30.6,-50.2,75,984,2017,2017-09-2518:00:00,30,7004
AL142017,LEE,63,20170926,00:00:00,,HU,30.3,-51.0,80,982,2017,2017-09-2600:00:00,40,7005
AL142017,LEE,63,20170926,06:00:00,,HU,30.1,-52.0,85,979,2017,2017-09-2606:00:00,40,7006
AL142017,LEE,63,20170926,12:00:00,,HU,29.9,-53.2,90,976,2017,2017-09-2612:00:00,40,7007
AL142017,LEE,63,20170926,18:00:00,,HU,29.9,-54.2,95,972,2017,2017-09-2618:00:00,50,7008
AL142017,LEE,63,20170927,00:00:00,,HU,29.9,-55.1,95,970,2017,2017-09-2700:00:00,50,7009
AL142017,LEE,63,20170927,06:00:00,,HU,30.1,-56.0,95,967,2017,2017-09-2706:00:00,70,7010
AL142017,LEE,63,20170927,12:00:00,,HU,30.3,-56.6,100,963,2017,2017-09-2712:00:00,80,7011
AL142017,LEE,63,20170927,18:00:00,,HU,30.8,-57.0,100,962,2017,2017-09-2718:00:00,80,7012
AL142017,LEE,63,20170928,00:00:00,,HU,31.4,-57.2,95,965,2017,2017-09-2800:00:00,80,7013
AL142017,LEE,63,20170928,06:00:00,,HU,32.1,-57.3,90,969,2017,2017-09-2806:00:00,80,7014
AL142017,LEE,63,20170928,12:00:00,,HU,33.0,-57.2,85,973,2017,2017-09-2812:00:00,80,7015
AL142017,LEE,63,20170928,18:00:00,,HU,34.3,-56.6,80,977,2017,2017-09-2818:00:00,80,7016
AL142017,LEE,63,20170929,00:00:00,,HU,35.7,-55.5,75,981,2017,2017-09-2900:00:00,100,7017
AL142017,LEE,63,20170929,06:00:00,,HU,37.3,-53.8,70,983,2017,2017-09-2906:00:00,120,7018
AL142017,LEE,63,20170929,12:00:00,,HU,39.0,-51.2,65,985,2017,2017-09-2912:00:00,120,7019
AL142017,LEE,63,20170929,18:00:00,,TS,41.0,-48.2,55,987,2017,2017-09-2918:00:00,120,7020
AL142017,LEE,63,20170930,00:00:00,,TS,43.2,-44.5,50,990,2017,2017-09-3000:00:00,120,7021
AL142017,LEE,63,20170930,06:00:00,,LO,45.8,-38.9,45,993,2017,2017-09-3006:00:00,130,7022
AL152017,MARIA,68,20170916,12:00:00,,TD,12.2,-49.7,30,1006,2017,2017-09-1612:00:00,0,7023
AL152017,MARIA,68,20170916,18:00:00,,TS,12.2,-51.7,40,1004,2017,2017-09-1618:00:00,40,7024
AL152017,MARIA,68,20170917,00:00:00,,TS,12.4,-53.1,45,1002,2017,2017-09-1700:00:00,40,7025
AL152017,MARIA,68,20170917,06:00:00,,TS,12.8,-54.4,55,994,2017,2017-09-1706:00:00,50,7026
AL152017,MARIA,68,20170917,12:00:00,,TS,13.3,-55.7,60,990,2017,2017-09-1712:00:00,60,7027
AL152017,MARIA,68,20170917,18:00:00,,HU,13.6,-57.0,65,986,2017,2017-09-1718:00:00,70,7028
AL152017,MARIA,68,20170918,00:00:00,,HU,14.0,-58.0,75,979,2017,2017-09-1800:00:00,90,7029
AL152017,MARIA,68,20170918,06:00:00,,HU,14.3,-59.0,80,977,2017,2017-09-1806:00:00,90,7030
AL152017,MARIA,68,20170918,12:00:00,,HU,14.5,-59.7,100,967,2017,2017-09-1812:00:00,110,7031
AL152017,MARIA,68,20170918,18:00:00,,HU,14.9,-60.4,110,956,2017,2017-09-1818:00:00,110,7032
AL152017,MARIA,68,20170919,00:00:00,,HU,15.3,-61.1,145,924,2017,2017-09-1900:00:00,110,7033
AL152017,MARIA,68,20170919,01:15:00,L,HU,15.4,-61.3,145,922,2017,2017-09-1901:15:00,110,7034
AL152017,MARIA,68,20170919,06:00:00,,HU,15.7,-61.9,135,940,2017,2017-09-1906:00:00,110,7035
AL152017,MARIA,68,20170919,12:00:00,,HU,16.1,-62.7,140,931,2017,2017-09-1912:00:00,120,7036
AL152017,MARIA,68,20170919,18:00:00,,HU,16.6,-63.5,145,920,2017,2017-09-1918:00:00,120,7037
AL152017,MARIA,68,20170920,00:00:00,,HU,17.0,-64.3,150,909,2017,2017-09-2000:00:00,130,7038
AL152017,MARIA,68,20170920,03:00:00,I,HU,17.3,-64.7,150,908,2017,2017-09-2003:00:00,130,7039
AL152017,MARIA,68,20170920,06:00:00,,HU,17.6,-65.1,140,913,2017,2017-09-2006:00:00,130,7040
AL152017,MARIA,68,20170920,10:15:00,L,HU,18.0,-65.9,135,920,2017,2017-09-2010:15:00,130,7041
AL152017,MARIA,68,20170920,12:00:00,,HU,18.2,-66.2,115,935,2017,2017-09-2012:00:00,130,7042
AL152017,MARIA,68,20170920,18:00:00,,HU,18.6,-67.0,95,959,2017,2017-09-2018:00:00,130,7043
AL152017,MARIA,68,20170921,00:00:00,,HU,19.0,-67.6,95,958,2017,2017-09-2100:00:00,130,7044
AL152017,MARIA,68,20170921,06:00:00,,HU,19.4,-68.2,100,959,2017,2017-09-2106:00:00,130,7045
AL152017,MARIA,68,20170921,12:00:00,,HU,19.9,-68.8,100,959,2017,2017-09-2112:00:00,130,7046
AL152017,MARIA,68,20170921,18:00:00,,HU,20.5,-69.5,105,960,2017,2017-09-2118:00:00,140,7047
AL152017,MARIA,68,20170922,00:00:00,,HU,20.8,-70.0,110,953,2017,2017-09-2200:00:00,140,7048
AL152017,MARIA,68,20170922,06:00:00,,HU,21.2,-70.5,110,959,2017,2017-09-2206:00:00,140,7049
AL152017,MARIA,68,20170922,12:00:00,,HU,21.9,-70.9,110,958,2017,2017-09-2212:00:00,140,7050
AL152017,MARIA,68,20170922,18:00:00,,HU,22.8,-71.2,110,959,2017,2017-09-2218:00:00,140,7051
AL152017,MARIA,68,20170923,00:00:00,,HU,23.7,-71.6,105,953,2017,2017-09-2300:00:00,160,7052
AL152017,MARIA,68,20170923,06:00:00,,HU,24.4,-71.9,100,952,2017,2017-09-2306:00:00,170,7053
AL152017,MARIA,68,20170923,12:00:00,,HU,25.1,-72.1,100,952,2017,2017-09-2312:00:00,170,7054
AL152017,MARIA,68,20170923,18:00:00,,HU,25.9,-72.3,100,952,2017,2017-09-2318:00:00,210,7055
AL152017,MARIA,68,20170924,00:00:00,,HU,26.6,-72.4,100,945,2017,2017-09-2400:00:00,210,7056
AL152017,MARIA,68,20170924,06:00:00,,HU,27.5,-72.6,95,942,2017,2017-09-2406:00:00,210,7057
AL152017,MARIA,68,20170924,12:00:00,,HU,28.4,-72.8,95,947,2017,2017-09-2412:00:00,210,7058
AL152017,MARIA,68,20170924,18:00:00,,HU,29.1,-72.9,90,943,2017,2017-09-2418:00:00,200,7059
AL152017,MARIA,68,20170925,00:00:00,,HU,29.7,-72.9,85,947,2017,2017-09-2500:00:00,200,7060
AL152017,MARIA,68,20170925,06:00:00,,HU,30.3,-72.9,75,954,2017,2017-09-2506:00:00,200,7061
AL152017,MARIA,68,20170925,12:00:00,,HU,30.8,-73.0,70,961,2017,2017-09-2512:00:00,200,7062
AL152017,MARIA,68,20170925,18:00:00,,HU,31.4,-73.1,70,966,2017,2017-09-2518:00:00,180,7063
AL152017,MARIA,68,20170926,00:00:00,,HU,32.0,-73.1,70,966,2017,2017-09-2600:00:00,180,7064
AL152017,MARIA,68,20170926,06:00:00,,HU,32.6,-73.1,65,970,2017,2017-09-2606:00:00,210,7065
AL152017,MARIA,68,20170926,12:00:00,,HU,33.3,-73.1,65,970,2017,2017-09-2612:00:00,210,7066
AL152017,MARIA,68,20170926,18:00:00,,HU,33.9,-73.1,65,975,2017,2017-09-2618:00:00,200,7067
AL152017,MARIA,68,20170927,00:00:00,,HU,34.4,-73.0,65,975,2017,2017-09-2700:00:00,200,7068
AL152017,MARIA,68,20170927,06:00:00,,HU,34.9,-72.9,65,976,2017,2017-09-2706:00:00,200,7069
AL152017,MARIA,68,20170927,12:00:00,,HU,35.4,-72.8,65,977,2017,2017-09-2712:00:00,200,7070
AL152017,MARIA,68,20170927,18:00:00,,HU,36.0,-72.6,65,979,2017,2017-09-2718:00:00,200,7071
AL152017,MARIA,68,20170928,00:00:00,,HU,36.6,-72.2,65,979,2017,2017-09-2800:00:00,200,7072
AL152017,MARIA,68,20170928,06:00:00,,TS,36.7,-71.3,60,982,2017,2017-09-2806:00:00,210,7073
AL152017,MARIA,68,20170928,12:00:00,,TS,36.8,-70.0,60,982,2017,2017-09-2812:00:00,210,7074
AL152017,MARIA,68,20170928,18:00:00,,TS,36.8,-68.6,55,985,2017,2017-09-2818:00:00,210,7075
AL152017,MARIA,68,20170929,00:00:00,,TS,36.9,-66.8,55,985,2017,2017-09-2900:00:00,200,7076
AL152017,MARIA,68,20170929,06:00:00,,TS,37.0,-64.6,50,987,2017,2017-09-2906:00:00,220,7077
AL152017,MARIA,68,20170929,12:00:00,,TS,37.0,-62.0,50,988,2017,2017-09-2912:00:00,220,7078
AL152017,MARIA,68,20170929,18:00:00,,TS,37.4,-59.0,50,988,2017,2017-09-2918:00:00,220,7079
AL152017,MARIA,68,20170930,00:00:00,,TS,38.1,-55.6,50,988,2017,2017-09-3000:00:00,220,7080
AL152017,MARIA,68,20170930,06:00:00,,TS,39.1,-52.2,50,988,2017,2017-09-3006:00:00,200,7081
AL152017,MARIA,68,20170930,12:00:00,,TS,40.0,-48.8,50,988,2017,2017-09-3012:00:00,200,7082
AL152017,MARIA,68,20170930,18:00:00,,EX,41.2,-45.6,45,991,2017,2017-09-3018:00:00,200,7083
AL152017,MARIA,68,20171001,00:00:00,,EX,42.2,-42.6,45,994,2017,2017-10-0100:00:00,200,7084
AL152017,MARIA,68,20171001,06:00:00,,EX,43.4,-39.4,45,996,2017,2017-10-0106:00:00,200,7085
AL152017,MARIA,68,20171001,12:00:00,,EX,44.9,-35.5,45,999,2017,2017-10-0112:00:00,200,7086
AL152017,MARIA,68,20171001,18:00:00,,EX,46.5,-31.0,45,1003,2017,2017-10-0118:00:00,200,7087
AL152017,MARIA,68,20171002,00:00:00,,EX,47.5,-26.5,40,1005,2017,2017-10-0200:00:00,200,7088
AL152017,MARIA,68,20171002,06:00:00,,EX,48.0,-22.0,40,1012,2017,2017-10-0206:00:00,200,7089
AL152017,MARIA,68,20171002,12:00:00,,EX,48.0,-17.0,30,1016,2017,2017-10-0212:00:00,0,7090
AL162017,NATE,32,20171003,12:00:00,,LO,10.7,-80.8,20,1008,2017,2017-10-0312:00:00,0,7091
AL162017,NATE,32,20171003,18:00:00,,LO,11.1,-81.1,25,1007,2017,2017-10-0318:00:00,0,7092
AL162017,NATE,32,20171004,00:00:00,,LO,11.4,-81.2,25,1007,2017,2017-10-0400:00:00,0,7093
AL162017,NATE,32,20171004,06:00:00,,LO,11.7,-81.4,25,1006,2017,2017-10-0406:00:00,0,7094
AL162017,NATE,32,20171004,12:00:00,,TD,12.0,-81.8,25,1005,2017,2017-10-0412:00:00,0,7095
AL162017,NATE,32,20171004,18:00:00,,TD,12.3,-82.3,30,1005,2017,2017-10-0418:00:00,0,7096
AL162017,NATE,32,20171005,00:00:00,,TD,12.6,-82.7,30,1004,2017,2017-10-0500:00:00,0,7097
AL162017,NATE,32,20171005,06:00:00,,TS,13.1,-83.1,35,1001,2017,2017-10-0506:00:00,30,7098
AL162017,NATE,32,20171005,12:00:00,L,TS,13.9,-83.5,35,999,2017,2017-10-0512:00:00,40,7099
AL162017,NATE,32,20171005,18:00:00,,TS,14.5,-84.0,35,1000,2017,2017-10-0518:00:00,40,7100
AL162017,NATE,32,20171006,00:00:00,,TS,15.3,-84.4,35,1000,2017,2017-10-0600:00:00,50,7101
AL162017,NATE,32,20171006,06:00:00,,TS,16.3,-84.7,40,999,2017,2017-10-0606:00:00,80,7102
AL162017,NATE,32,20171006,12:00:00,,TS,17.9,-84.7,40,996,2017,2017-10-0612:00:00,100,7103
AL162017,NATE,32,20171006,18:00:00,,TS,19.5,-85.2,45,995,2017,2017-10-0618:00:00,110,7104
AL162017,NATE,32,20171007,00:00:00,,TS,21.3,-85.9,55,990,2017,2017-10-0700:00:00,110,7105
AL162017,NATE,32,20171007,06:00:00,,HU,23.5,-86.5,70,987,2017,2017-10-0706:00:00,110,7106
AL162017,NATE,32,20171007,12:00:00,,HU,25.7,-87.9,80,986,2017,2017-10-0712:00:00,110,7107
AL162017,NATE,32,20171007,18:00:00,,HU,27.6,-88.9,80,981,2017,2017-10-0718:00:00,110,7108
AL162017,NATE,32,20171008,00:00:00,L,HU,29.1,-89.2,75,983,2017,2017-10-0800:00:00,110,7109
AL162017,NATE,32,20171008,05:20:00,L,HU,30.4,-89.0,65,984,2017,2017-10-0805:20:00,100,7110
AL162017,NATE,32,20171008,06:00:00,,TS,30.5,-88.9,60,984,2017,2017-10-0806:00:00,100,7111
AL162017,NATE,32,20171008,12:00:00,,TS,32.2,-88.0,35,993,2017,2017-10-0812:00:00,40,7112
AL162017,NATE,32,20171008,18:00:00,,TD,34.1,-87.1,25,996,2017,2017-10-0818:00:00,0,7113
AL162017,NATE,32,20171009,00:00:00,,LO,36.2,-85.7,20,999,2017,2017-10-0900:00:00,0,7114
AL162017,NATE,32,20171009,06:00:00,,EX,39.1,-83.4,20,1004,2017,2017-10-0906:00:00,0,7115
AL162017,NATE,32,20171009,12:00:00,,EX,41.5,-80.5,25,1005,2017,2017-10-0912:00:00,0,7116
AL162017,NATE,32,20171009,18:00:00,,EX,43.1,-76.3,25,1005,2017,2017-10-0918:00:00,0,7117
AL162017,NATE,32,20171010,00:00:00,,EX,44.2,-72.0,25,1006,2017,2017-10-1000:00:00,0,7118
AL162017,NATE,32,20171010,06:00:00,,EX,45.6,-67.6,25,1006,2017,2017-10-1006:00:00,0,7119
AL162017,NATE,32,20171010,12:00:00,,EX,46.1,-63.9,25,1007,2017,2017-10-1012:00:00,0,7120
AL162017,NATE,32,20171010,18:00:00,,EX,46.5,-60.4,25,1004,2017,2017-10-1018:00:00,0,7121
AL162017,NATE,32,20171011,00:00:00,,EX,47.5,-56.0,25,1001,2017,2017-10-1100:00:00,0,7122
AL172017,OPHELIA,47,20171006,12:00:00,,LO,31.8,-39.5,20,1013,2017,2017-10-0612:00:00,0,7123
AL172017,OPHELIA,47,20171006,18:00:00,,LO,32.3,-38.6,20,1012,2017,2017-10-0618:00:00,0,7124
AL172017,OPHELIA,47,20171007,00:00:00,,LO,32.9,-37.3,25,1011,2017,2017-10-0700:00:00,0,7125
AL172017,OPHELIA,47,20171007,06:00:00,,LO,32.7,-38.5,30,1010,2017,2017-10-0706:00:00,0,7126
AL172017,OPHELIA,47,20171007,12:00:00,,LO,32.3,-39.5,30,1010,2017,2017-10-0712:00:00,0,7127
AL172017,OPHELIA,47,20171007,18:00:00,,LO,31.5,-39.5,30,1010,2017,2017-10-0718:00:00,0,7128
AL172017,OPHELIA,47,20171008,00:00:00,,LO,31.3,-39.5,30,1010,2017,2017-10-0800:00:00,0,7129
AL172017,OPHELIA,47,20171008,06:00:00,,LO,31.0,-39.6,35,1010,2017,2017-10-0806:00:00,40,7130
AL172017,OPHELIA,47,20171008,12:00:00,,LO,30.6,-39.7,35,1009,2017,2017-10-0812:00:00,40,7131
AL172017,OPHELIA,47,20171008,18:00:00,,LO,30.4,-40.1,35,1009,2017,2017-10-0818:00:00,50,7132
AL172017,OPHELIA,47,20171009,00:00:00,,LO,30.5,-40.1,35,1008,2017,2017-10-0900:00:00,50,7133
AL172017,OPHELIA,47,20171009,06:00:00,,TS,30.9,-40.0,35,1008,2017,2017-10-0906:00:00,60,7134
AL172017,OPHELIA,47,20171009,12:00:00,,TS,31.3,-40.0,35,1008,2017,2017-10-0912:00:00,60,7135
AL172017,OPHELIA,47,20171009,18:00:00,,TS,31.7,-39.6,40,1005,2017,2017-10-0918:00:00,60,7136
AL172017,OPHELIA,47,20171010,00:00:00,,TS,32.0,-39.1,40,1005,2017,2017-10-1000:00:00,60,7137
AL172017,OPHELIA,47,20171010,06:00:00,,TS,31.9,-38.8,45,1003,2017,2017-10-1006:00:00,60,7138
AL172017,OPHELIA,47,20171010,12:00:00,,TS,31.6,-38.5,45,1002,2017,2017-10-1012:00:00,60,7139
AL172017,OPHELIA,47,20171010,18:00:00,,TS,31.3,-38.2,45,1002,2017,2017-10-1018:00:00,60,7140
AL172017,OPHELIA,47,20171011,00:00:00,,TS,30.9,-37.8,50,1000,2017,2017-10-1100:00:00,60,7141
AL172017,OPHELIA,47,20171011,06:00:00,,TS,30.4,-37.2,55,998,2017,2017-10-1106:00:00,60,7142
AL172017,OPHELIA,47,20171011,12:00:00,,TS,30.0,-36.7,60,994,2017,2017-10-1112:00:00,60,7143
AL172017,OPHELIA,47,20171011,18:00:00,,HU,29.8,-36.2,65,991,2017,2017-10-1118:00:00,60,7144
AL172017,OPHELIA,47,20171012,00:00:00,,HU,29.9,-35.8,70,986,2017,2017-10-1200:00:00,60,7145
AL172017,OPHELIA,47,20171012,06:00:00,,HU,30.2,-35.7,75,982,2017,2017-10-1206:00:00,60,7146
AL172017,OPHELIA,47,20171012,12:00:00,,HU,30.4,-35.7,80,975,2017,2017-10-1212:00:00,60,7147
AL172017,OPHELIA,47,20171012,18:00:00,,HU,30.5,-35.6,85,971,2017,2017-10-1218:00:00,70,7148
AL172017,OPHELIA,47,20171013,00:00:00,,HU,30.5,-35.1,90,967,2017,2017-10-1300:00:00,70,7149
AL172017,OPHELIA,47,20171013,06:00:00,,HU,30.9,-34.4,90,966,2017,2017-10-1306:00:00,70,7150
AL172017,OPHELIA,47,20171013,12:00:00,,HU,31.4,-33.4,80,974,2017,2017-10-1312:00:00,80,7151
AL172017,OPHELIA,47,20171013,18:00:00,,HU,32.0,-32.5,80,973,2017,2017-10-1318:00:00,80,7152
AL172017,OPHELIA,47,20171014,00:00:00,,HU,32.6,-31.5,85,970,2017,2017-10-1400:00:00,80,7153
AL172017,OPHELIA,47,20171014,06:00:00,,HU,33.4,-29.7,95,963,2017,2017-10-1406:00:00,90,7154
AL172017,OPHELIA,47,20171014,12:00:00,,HU,34.2,-27.7,100,959,2017,2017-10-1412:00:00,100,7155
AL172017,OPHELIA,47,20171014,18:00:00,,HU,35.3,-25.2,100,959,2017,2017-10-1418:00:00,110,7156
AL172017,OPHELIA,47,20171015,00:00:00,,HU,36.4,-22.6,95,959,2017,2017-10-1500:00:00,130,7157
AL172017,OPHELIA,47,20171015,06:00:00,,HU,37.9,-19.8,90,959,2017,2017-10-1506:00:00,150,7158
AL172017,OPHELIA,47,20171015,12:00:00,,HU,39.9,-17.0,85,959,2017,2017-10-1512:00:00,180,7159
AL172017,OPHELIA,47,20171015,18:00:00,,HU,43.1,-14.3,80,959,2017,2017-10-1518:00:00,220,7160
AL172017,OPHELIA,47,20171016,00:00:00,,EX,47.6,-13.4,75,958,2017,2017-10-1600:00:00,240,7161
AL172017,OPHELIA,47,20171016,06:00:00,,EX,50.0,-12.1,70,957,2017,2017-10-1606:00:00,240,7162
AL172017,OPHELIA,47,20171016,11:00:00,L,EX,51.9,-10.4,70,957,2017,2017-10-1611:00:00,240,7163
AL172017,OPHELIA,47,20171016,12:00:00,,EX,52.3,-10.0,65,959,2017,2017-10-1612:00:00,240,7164
AL172017,OPHELIA,47,20171016,18:00:00,,EX,55.3,-8.3,60,969,2017,2017-10-1618:00:00,240,7165
AL172017,OPHELIA,47,20171017,00:00:00,,EX,57.3,-6.1,50,977,2017,2017-10-1700:00:00,360,7166
AL172017,OPHELIA,47,20171017,06:00:00,,EX,58.7,-2.9,45,987,2017,2017-10-1706:00:00,360,7167
AL172017,OPHELIA,47,20171017,12:00:00,,EX,59.3,1.5,40,994,2017,2017-10-1712:00:00,270,7168
AL172017,OPHELIA,47,20171017,18:00:00,,EX,60.1,5.3,40,997,2017,2017-10-1718:00:00,210,7169
AL182017,PHILIPPE,7,20171027,18:00:00,,DB,17.5,-84.2,30,1006,2017,2017-10-2718:00:00,0,7170
AL182017,PHILIPPE,7,20171028,00:00:00,,DB,18.2,-84.5,30,1006,2017,2017-10-2800:00:00,0,7171
AL182017,PHILIPPE,7,20171028,06:00:00,,DB,19.1,-84.3,30,1004,2017,2017-10-2806:00:00,0,7172
AL182017,PHILIPPE,7,20171028,12:00:00,,TD,20.1,-83.5,30,1003,2017,2017-10-2812:00:00,0,7173
AL182017,PHILIPPE,7,20171028,18:00:00,,TS,21.3,-82.4,35,1000,2017,2017-10-2818:00:00,120,7174
AL182017,PHILIPPE,7,20171028,22:00:00,L,TS,22.2,-81.6,35,1000,2017,2017-10-2822:00:00,120,7175
AL182017,PHILIPPE,7,20171029,00:00:00,,TD,22.7,-81.2,30,1003,2017,2017-10-2900:00:00,0,7176
AL192017,RINA,21,20171104,12:00:00,,LO,25.5,-52.3,25,1013,2017,2017-11-0412:00:00,0,7177
AL192017,RINA,21,20171104,18:00:00,,LO,26.5,-52.1,25,1013,2017,2017-11-0418:00:00,0,7178
AL192017,RINA,21,20171105,00:00:00,,LO,27.5,-52.0,25,1013,2017,2017-11-0500:00:00,0,7179
AL192017,RINA,21,20171105,06:00:00,,LO,28.4,-52.0,25,1013,2017,2017-11-0506:00:00,0,7180
AL192017,RINA,21,20171105,12:00:00,,LO,29.0,-51.9,25,1013,2017,2017-11-0512:00:00,0,7181
AL192017,RINA,21,20171105,18:00:00,,TD,29.2,-51.7,30,1012,2017,2017-11-0518:00:00,0,7182
AL192017,RINA,21,20171106,00:00:00,,TD,29.1,-51.2,30,1011,2017,2017-11-0600:00:00,0,7183
AL192017,RINA,21,20171106,06:00:00,,TD,29.0,-50.7,30,1010,2017,2017-11-0606:00:00,0,7184
AL192017,RINA,21,20171106,12:00:00,,TD,29.1,-50.4,30,1010,2017,2017-11-0612:00:00,0,7185
AL192017,RINA,21,20171106,18:00:00,,TD,29.4,-50.2,30,1009,2017,2017-11-0618:00:00,0,7186
AL192017,RINA,21,20171107,00:00:00,,TS,30.0,-50.0,35,1008,2017,2017-11-0700:00:00,60,7187
AL192017,RINA,21,20171107,06:00:00,,TS,30.8,-49.9,40,1006,2017,2017-11-0706:00:00,80,7188
AL192017,RINA,21,20171107,12:00:00,,TS,31.8,-49.5,40,1004,2017,2017-11-0712:00:00,90,7189
AL192017,RINA,21,20171107,18:00:00,,TS,33.0,-49.1,40,1002,2017,2017-11-0718:00:00,110,7190
AL192017,RINA,21,20171108,00:00:00,,TS,34.6,-48.7,45,999,2017,2017-11-0800:00:00,130,7191
AL192017,RINA,21,20171108,06:00:00,,TS,36.4,-48.7,50,996,2017,2017-11-0806:00:00,140,7192
AL192017,RINA,21,20171108,12:00:00,,TS,38.3,-48.8,45,994,2017,2017-11-0812:00:00,160,7193
AL192017,RINA,21,20171108,18:00:00,,TS,40.1,-49.0,45,992,2017,2017-11-0818:00:00,180,7194
AL192017,RINA,21,20171109,00:00:00,,TS,41.8,-48.8,45,991,2017,2017-11-0900:00:00,200,7195
AL192017,RINA,21,20171109,06:00:00,,LO,43.6,-48.0,40,993,2017,2017-11-0906:00:00,210,7196
AL192017,RINA,21,20171109,12:00:00,,LO,45.5,-47.0,40,995,2017,2017-11-0912:00:00,240,7197
